step,temp,train_cvar,hard_cvar,mean_ex_time,frac_early,hedge_mean,hedge_std,sec
0,1.0,1.0046539306640625,0.7712200880050659,0.009999998845160007,1.0,0.0,0.0,1.0
50,0.9623383118486338,2.121286392211914,4.814023494720459,0.5,0.0,0.0,0.0,47.3
100,0.9260950264516783,4.820003986358643,4.846592903137207,0.5,0.0,0.0,0.0,104.3
150,0.891216724366924,4.910470008850098,4.919134140014648,0.5,0.0,0.0,0.0,159.2
200,0.8576519980185348,4.956209182739258,4.960681438446045,0.5,0.0,0.0,0.0,205.8
250,0.8253513759267646,4.950615882873535,4.953062534332275,0.5,0.0,0.0,0.0,252.4
300,0.7942672497913097,4.792016506195068,4.793415546417236,0.5,0.0,0.0,0.0,300.5
350,0.7643538043208261,4.785735607147217,4.786575794219971,0.5,0.0,0.0,0.0,347.5
400,0.7355669497051848,4.740723609924316,4.7412309646606445,0.5,0.0,0.0,0.0,394.1
450,0.7078642566309364,4.891650199890137,4.891976356506348,0.5,0.0,0.0,0.0,440.9
500,0.6812048937442035,4.890992641448975,4.89119291305542,0.5,0.0,0.0,0.0,488.5
550,0.6555495674688248,4.846383094787598,4.846504211425781,0.5,0.0,0.0,0.0,537.2
600,0.6308604640910508,4.885310173034668,4.885385036468506,0.5,0.0,0.0,0.0,585.9
650,0.6071011940254275,4.8874335289001465,4.887477874755859,0.5,0.0,0.0,0.0,634.5
700,0.5842367381797198,4.820676326751709,4.820703029632568,0.5,0.0,0.0,0.0,683.0
750,0.5622333963398238,4.901304721832275,4.901320457458496,0.5,0.0,0.0,0.0,732.9
800,0.5410587374985898,4.906152248382568,4.906161308288574,0.5,0.0,0.0,0.0,782.7
850,0.520681552055346,4.949049949645996,4.949054718017578,0.5,0.0,0.0,0.0,831.5
