it,loss,mean_ex_time,frac_early,hedge_mean,hedge_std,sec
0,28.426450729370117,0.5,0.0,-0.06746557354927063,0.0139602180570364,0.3
50,15.359134674072266,0.5,0.0,-0.5182027816772461,0.1929558962583542,10.4
100,14.577878952026367,0.5,0.0,-0.5330069065093994,0.2018616944551468,20.2
150,14.302862167358398,0.5,0.0,-0.5290330052375793,0.2003960758447647,30.4
200,14.487553596496582,0.5,0.0,-0.5283019542694092,0.20468230545520782,40.4
250,14.24395751953125,0.5,0.0,-0.5343819260597229,0.2043062299489975,50.1
300,14.247314453125,0.5,0.0,-0.5328200459480286,0.2129884660243988,59.6
350,14.387883186340332,0.5,0.0,-0.5451749563217163,0.21098221838474274,69.7
400,14.240062713623047,0.5,0.0,-0.5463497042655945,0.20795272290706635,79.9
450,14.513843536376953,0.5,0.0,-0.5474796295166016,0.214302659034729,89.7
500,14.338712692260742,0.5,0.0,-0.5546104907989502,0.2155446708202362,99.5
550,14.421897888183594,0.5,0.0,-0.5489230155944824,0.21708756685256958,109.5
600,13.804533958435059,0.5,0.0,-0.534519612789154,0.20545339584350586,119.1
650,14.280508995056152,0.5,0.0,-0.540762722492218,0.2094411551952362,128.9
700,14.434535026550293,0.5,0.0,-0.5419932007789612,0.21065638959407806,138.9
750,14.40414047241211,0.5,0.0,-0.537972629070282,0.20509181916713715,148.9
800,14.564841270446777,0.5,0.0,-0.5333272814750671,0.2044844627380371,159.1
850,14.236485481262207,0.5,0.0,-0.5491654276847839,0.21073895692825317,169.0
900,14.4703950881958,0.5,0.0,-0.5408971905708313,0.21619151532649994,178.8
950,14.257957458496094,0.5,0.0,-0.5434412956237793,0.2025897353887558,188.6
1000,14.000335693359375,0.5,0.0,-0.5408326983451843,0.211525559425354,198.4
1050,14.42898941040039,0.5,0.0,-0.5354894399642944,0.2102087140083313,207.9
1100,14.025175094604492,0.5,0.0,-0.537214994430542,0.21189898252487183,217.5
1150,14.167989730834961,0.5,0.0,-0.5444637537002563,0.20625226199626923,227.6
1200,14.427441596984863,0.5,0.0,-0.5428704023361206,0.20875178277492523,236.9
1250,14.462760925292969,0.5,0.0,-0.5408009886741638,0.20767784118652344,246.6
1300,14.044452667236328,0.5,0.0,-0.5386610627174377,0.20911283791065216,256.3
1350,14.3031587600708,0.5,0.0,-0.5402320027351379,0.21211747825145721,265.8
1400,14.236124038696289,0.5,0.0,-0.5464937090873718,0.20916582643985748,275.5
1450,14.104232788085938,0.5,0.0,-0.5422977209091187,0.2083301693201065,284.9
1499,14.401531219482422,0.5,0.0,-0.5393240451812744,0.20951105654239655,294.4
