it,temp,stopper_obj,hedger_loss,pool_loss,hard_cvar,mean_ex_time,frac_early,hedge_mean,hedge_std,pool_size,sec
0,1.0,25.790748596191406,26.281387329101562,nan,27.09344482421875,0.4329272210597992,0.33740234375,-0.103368379175663,0.018692217767238617,0,136.2
50,0.8251398197985625,17.091529846191406,17.18132781982422,nan,17.142230987548828,0.49874022603034973,0.01123046875,-0.54034823179245,0.17184194922447205,0,303.5
100,0.6808557222172043,17.65983772277832,17.360820770263672,nan,17.39348030090332,0.48130857944488525,0.106689453125,-0.574977695941925,0.17529721558094025,0,437.2
150,0.5618011679391242,17.278303146362305,17.867652893066406,nan,17.898103713989258,0.47966551780700684,0.0966796875,-0.5745607614517212,0.18006770312786102,0,572.3
200,0.46356451447591085,17.5130615234375,18.049753189086914,18.051767349243164,18.06525993347168,0.48585692048072815,0.0751953125,-0.5800665616989136,0.1856672167778015,1,707.2
250,0.38250553993966124,17.03117561340332,17.876399993896484,17.866565704345703,17.88030433654785,0.4883959889411926,0.0673828125,-0.5788465738296509,0.18881456553936005,1,855.3
300,0.315620552297764,17.88109588623047,17.495147705078125,17.506559371948242,17.493873596191406,0.48942384123802185,0.057861328125,-0.5667996406555176,0.18756170570850372,1,1003.2
350,0.26043108564769973,17.00884437561035,17.39284896850586,17.386903762817383,17.395191192626953,0.48850101232528687,0.0634765625,-0.5743904709815979,0.18651778995990753,1,1151.1
400,0.21489205908128697,17.438339233398438,17.233280181884766,17.169355392456055,17.232707977294922,0.48552486300468445,0.073486328125,-0.5766538381576538,0.1879112273454666,2,1297.9
450,0.1773159949064752,17.63574981689453,16.78322982788086,16.777244567871094,16.78616714477539,0.4886718690395355,0.063720703125,-0.5705729722976685,0.18499164283275604,2,1443.2
500,0.1463104880845318,17.0249080657959,17.286598205566406,17.27518081665039,17.27960968017578,0.48652589321136475,0.072021484375,-0.5700933933258057,0.18595686554908752,2,1588.1
550,0.1207266097727103,16.978504180908203,17.048673629760742,17.015663146972656,17.049543380737305,0.4885180592536926,0.060546875,-0.5702881813049316,0.18570244312286377,2,1732.8
599,0.1,17.20180892944336,17.471059799194336,17.461198806762695,17.478412628173828,0.4868457317352295,0.068603515625,-0.5699707269668579,0.18703611195087433,3,1876.1
